<?xml version="1.0" encoding="UTF-8"?>
<!DOCTYPE hibernate-configuration PUBLIC
        "-//Hibernate/Hibernate Configuration DTD 3.0//EN"
        "http://hibernate.sourceforge.net/hibernate-configuration-3.0.dtd">
<hibernate-configuration>
    <session-factory>
        <!-- Database connection settings -->
        <property name="connection.driver_class">com.mysql.cj.jdbc.Driver</property>
        <property name="connection.url">jdbc:mysql://127.0.0.1:3306/clinisus?serverTimezone=UTC</property>
        <property name="connection.username">root</property>
        <property name="connection.password">Bb81071553</property>

        <!-- JDBC connection pool (use the built-in) -->
        <property name="connection.pool_size">100</property>

        <!-- SQL dialect -->
        <property name="dialect">org.hibernate.dialect.MySQL5InnoDBDialect</property>

        <!-- Enable Hibernate's automatic session context management -->
        <property name="current_session_context_class">thread</property>

        <!-- Disable the second-level cache  -->
        <property name="cache.provider_class">org.hibernate.cache.internal.NoCacheProvider</property>

        <!-- Echo all executed SQL to stdout -->
        <property name="show_sql">true</property>

        <!-- Drop and re-create the database schema on startup -->
        <property name="hbm2ddl.auto">validate</property>
        
        <!-- Mapeamento das Entidades -->
        <mapping class="br.com.breno.clinisus.domain.Cidade"/>
        <mapping class="br.com.breno.clinisus.domain.Cliente"/>
        <mapping class="br.com.breno.clinisus.domain.Estado"/>
        <mapping class="br.com.breno.clinisus.domain.Fabricante"/>
        <mapping class="br.com.breno.clinisus.domain.Funcionario"/>
        <mapping class="br.com.breno.clinisus.domain.itemVenda"/>
        <mapping class="br.com.breno.clinisus.domain.Produto"/>
        <mapping class="br.com.breno.clinisus.domain.Pessoa"/>
        <mapping class="br.com.breno.clinisus.domain.Usuario"/>
        <mapping class="br.com.breno.clinisus.domain.Venda"/>
        

        

    </session-factory>

</hibernate-configuration>